id,version
syn24847795,2
syn24847793,2
syn24847794,2
syn24847798,2
syn24847796,2
syn24847797,2
syn25175556,2
syn25175557,2
syn25175558,2
syn25175559,2
syn25175552,2
syn25175553,2
syn25175554,2
syn25175555,2
syn25175564,2
syn25175565,2
syn25175566,2
syn25175567,2
syn25175560,2
syn25175561,2
syn25175562,2
syn25175563,2
syn25312653,1
syn25312654,1
syn25312655,1
syn25312656,1
syn25312651,1
syn25312652,1
syn25312659,1
syn25312660,1
syn25312661,1
syn25312662,1
syn25312657,1
syn25312658,1
syn25312854,1
syn25312853,1
syn25312856,1
syn25312855,1
